{"cameraMode":{"drawMode":0,"name":"Shaded","section":"Shading Mode"},"sceneLighting":false,"audioPlay":false,"sceneViewState":{"showFog":true,"showMaterialUpdate":false,"showSkybox":true,"showFlares":true,"showImageEffects":true,"showParticleSystems":true,"showVisualEffectGraphs":true,"m_FxEnabled":false},"in2DMode":false,"pivot":{"x":-0.8018555641174316,"y":3.3296420574188234,"z":2.6404366493225099},"rotation":{"x":0.01473462488502264,"y":0.9767212271690369,"z":0.07132869213819504,"w":-0.20175690948963166},"size":2.943483829498291,"orthographic":false}